time,solar_irradiance,temperature,humidity,current,voltage,power,source_file,hour,calculated_power,power_difference
1900-01-01 08:11:00,336.72,26,94,7.59,33.17,250.48,solar_data_fri_10th.csv,8.183333333333334,251.7603,-1.280300000000011
1900-01-01 09:20:00,497.48,28,84,7.66,35.79,272.8,solar_data_fri_10th.csv,9.333333333333334,274.1514,-1.3514000000000124
1900-01-01 10:06:00,736.02,30,79,8.01,36.03,286.86,solar_data_fri_10th.csv,10.1,288.6003,-1.7402999999999906
1900-01-01 11:12:00,862.33,31,70,8.19,36.18,294.66,solar_data_fri_10th.csv,11.2,296.31419999999997,-1.6541999999999462
1900-01-01 12:28:00,964.65,33,59,8.2,36.31,296.45,solar_data_fri_10th.csv,12.466666666666667,297.742,-1.29200000000003
1900-01-01 13:19:00,1095.83,34,56,8.34,35.32,293.65,solar_data_fri_10th.csv,13.316666666666666,294.5688,-0.9188000000000329
1900-01-01 14:24:00,1029.94,34,56,8.29,35.39,291.5,solar_data_fri_10th.csv,14.4,293.38309999999996,-1.8830999999999563
1900-01-01 15:27:00,940.53,34,56,7.95,34.12,272.91,solar_data_fri_10th.csv,15.45,271.25399999999996,1.6560000000000628
1900-01-01 16:10:00,844.38,33,59,7.09,33.13,236.14,solar_data_fri_10th.csv,16.166666666666668,234.89170000000001,1.248299999999972
1900-01-01 08:06:00,299.03,25,74,7.57,33.15,250.44,solar_data_fri_17th.csv,8.1,250.9455,-0.505500000000012
1900-01-01 09:13:00,372.34,26,69,7.64,35.77,272.75,solar_data_fri_17th.csv,9.216666666666667,273.2828,-0.5328000000000088
1900-01-01 10:20:00,601.25,28,58,7.98,36.01,286.82,solar_data_fri_17th.csv,10.333333333333334,287.3598,-0.5398000000000138
1900-01-01 11:05:00,885.74,30,35,8.17,36.17,294.63,solar_data_fri_17th.csv,11.083333333333334,295.50890000000004,-0.8789000000000442
1900-01-01 12:15:00,1089.35,31,31,8.19,36.23,296.01,solar_data_fri_17th.csv,12.25,296.72369999999995,-0.7136999999999603
1900-01-01 13:04:00,1053.34,34,29,8.14,36.15,293.62,solar_data_fri_17th.csv,13.066666666666666,294.261,-0.6410000000000196
1900-01-01 14:27:00,963.76,35,24,8.11,35.97,291.37,solar_data_fri_17th.csv,14.45,291.71669999999995,-0.3466999999999416
1900-01-01 15:07:00,939.64,35,25,7.93,34.1,272.88,solar_data_fri_17th.csv,15.116666666666667,270.413,2.4669999999999845
1900-01-01 16:14:00,890.26,36,25,7.07,33.15,236.11,solar_data_fri_17th.csv,16.233333333333334,234.3705,1.739500000000021
1900-01-01 08:16:00,362.7,25,90,7.61,33.19,251.5,solar_data_fri_24th.csv,8.266666666666667,252.5759,-1.07589999999999
1900-01-01 09:03:00,498.98,26,84,7.68,35.81,273.8,solar_data_fri_24th.csv,9.05,275.0208,-1.220799999999997
1900-01-01 10:05:00,740.81,27,79,8.03,36.05,287.86,solar_data_fri_24th.csv,10.083333333333334,289.4814999999999,-1.6214999999999122
1900-01-01 11:18:00,871.24,29,70,8.21,36.2,295.66,solar_data_fri_24th.csv,11.3,297.20200000000006,-1.54200000000003
1900-01-01 12:24:00,980.23,31,62,8.23,36.35,297.01,solar_data_fri_24th.csv,12.4,299.1605,-2.1505000000000223
1900-01-01 13:09:00,1092.35,32,59,8.36,35.53,294.65,solar_data_fri_24th.csv,13.15,297.0308,-2.380800000000022
1900-01-01 14:04:00,1025.62,31,54,8.34,35.51,292.5,solar_data_fri_24th.csv,14.066666666666666,296.1534,-3.6533999999999764
1900-01-01 15:22:00,932.45,30,52,7.97,34.14,273.91,solar_data_fri_24th.csv,15.366666666666667,272.0958,1.814200000000028
1900-01-01 16:18:00,848.92,29,62,7.11,33.15,237.14,solar_data_fri_24th.csv,16.3,235.69650000000001,1.4434999999999718
1900-01-01 08:08:00,306.75,27,89,7.32,30.24,220.76,solar_data_fri_31st.csv,8.133333333333333,221.3568,-0.5968000000000018
1900-01-01 09:14:00,397.25,28,84,7.43,31.23,231.59,solar_data_fri_31st.csv,9.233333333333333,232.03889999999998,-0.44889999999998054
1900-01-01 10:13:00,592.35,30,79,7.64,32.11,244.87,solar_data_fri_31st.csv,10.216666666666667,245.32039999999998,-0.4503999999999735
1900-01-01 11:10:00,788.62,30,66,7.82,32.24,251.73,solar_data_fri_31st.csv,11.166666666666666,252.1168,-0.38680000000002224
1900-01-01 12:24:00,962.19,32,66,8.04,33.5,268.67,solar_data_fri_31st.csv,12.4,269.34,-0.6699999999999591
1900-01-01 13:16:00,1005.32,32,59,8.12,33.74,272.94,solar_data_fri_31st.csv,13.266666666666667,273.9688,-1.0287999999999897
1900-01-01 14:20:00,1001.78,32,55,8.06,33.36,267.82,solar_data_fri_31st.csv,14.333333333333334,268.8816,-1.0615999999999985
1900-01-01 15:21:00,935.43,33,53,7.91,32.81,257.85,solar_data_fri_31st.csv,15.35,259.5271,-1.6770999999999958
1900-01-01 16:04:00,920.18,32,56,7.82,32.68,255.83,solar_data_fri_31st.csv,16.066666666666666,255.5576,0.27240000000000464
1900-01-01 08:12:00,346.5,27,90,6.91,30.83,213.69,solar_data_mon_13th.csv,8.2,213.0353,0.6546999999999912
1900-01-01 09:04:00,507.35,28,89,6.94,31.75,221.04,solar_data_mon_13th.csv,9.066666666666666,220.345,0.6949999999999932
1900-01-01 10:21:00,765.78,29,84,7.97,33.02,263.8,solar_data_mon_13th.csv,10.35,263.1694,0.6306000000000154
1900-01-01 11:15:00,889.07,31,75,8.04,33.16,267.24,solar_data_mon_13th.csv,11.25,266.60639999999995,0.6336000000000581
1900-01-01 12:30:00,998.87,32,71,8.09,34.44,279.26,solar_data_mon_13th.csv,12.5,278.6196,0.6403999999999996
1900-01-01 13:05:00,1105.63,33,63,7.99,35.59,284.97,solar_data_mon_13th.csv,13.083333333333334,284.3641,0.6059000000000196
1900-01-01 14:23:00,1068.25,34,59,8.14,35.63,291.06,solar_data_mon_13th.csv,14.383333333333333,290.0282,1.0317999999999756
1900-01-01 15:09:00,982.48,35,56,8.03,35.03,281.33,solar_data_mon_13th.csv,15.15,281.29089999999997,0.03910000000001901
1900-01-01 16:02:00,855.69,33,56,7.67,34.1,261.17,solar_data_mon_13th.csv,16.033333333333335,261.547,-0.37700000000000955
1900-01-01 08:09:00,393.67,25,94,6.93,30.85,212.72,solar_data_mon_20th.csv,8.15,213.7905,-1.0705000000000098
1900-01-01 09:12:00,523.21,26,89,6.95,31.76,219.63,solar_data_mon_20th.csv,9.2,220.73200000000003,-1.1020000000000323
1900-01-01 10:22:00,582.34,29,70,7.99,33.02,262.63,solar_data_mon_20th.csv,10.366666666666667,263.82980000000003,-1.1998000000000388
1900-01-01 11:16:00,701.23,30,66,8.05,33.15,265.65,solar_data_mon_20th.csv,11.266666666666667,266.8575,-1.2075000000000387
1900-01-01 12:13:00,1001.24,32,55,8.1,34.45,277.78,solar_data_mon_20th.csv,12.216666666666667,279.045,-1.2650000000000432
1900-01-01 13:07:00,1008.56,33,52,7.99,35.58,282.98,solar_data_mon_20th.csv,13.116666666666667,284.2842,-1.3041999999999803
1900-01-01 14:10:00,1003.47,33,56,8.15,35.6,288.83,solar_data_mon_20th.csv,14.166666666666666,290.14000000000004,-1.3100000000000591
1900-01-01 15:24:00,998.86,33,56,8.03,35.04,280.01,solar_data_mon_20th.csv,15.4,281.3712,-1.3611999999999966
1900-01-01 16:14:00,950.65,33,56,7.73,34.17,262.9,solar_data_mon_20th.csv,16.233333333333334,264.13410000000005,-1.234100000000069
1900-01-01 08:07:00,364.53,24,94,7.46,33.15,246.02,solar_data_mon_27th.csv,8.116666666666667,247.29899999999998,-1.278999999999968
1900-01-01 09:12:00,534.95,25,89,7.53,33.68,252.85,solar_data_mon_27th.csv,9.2,253.6104,-0.7604000000000042
1900-01-01 10:13:00,720.32,26,89,7.79,34.92,270.98,solar_data_mon_27th.csv,10.216666666666667,272.02680000000004,-1.0468000000000188
1900-01-01 11:20:00,953.71,28,84,7.95,35.09,278.05,solar_data_mon_27th.csv,11.333333333333334,278.9655,-0.9155000000000086
1900-01-01 12:09:00,1004.41,31,70,8.03,35.19,281.79,solar_data_mon_27th.csv,12.15,282.5757,-0.785699999999963
1900-01-01 13:09:00,1009.33,31,70,8.11,34.87,282.32,solar_data_mon_27th.csv,13.15,282.79569999999995,-0.4756999999999607
1900-01-01 14:16:00,1003.92,31,66,8.05,34.55,277.64,solar_data_mon_27th.csv,14.266666666666667,278.1275,-0.48750000000001137
1900-01-01 15:08:00,995.34,32,67,7.93,33.93,268.12,solar_data_mon_27th.csv,15.133333333333333,269.06489999999997,-0.9448999999999614
1900-01-01 16:01:00,949.85,32,63,7.53,33.23,249.02,solar_data_mon_27th.csv,16.016666666666666,250.22189999999998,-1.2018999999999664
1900-01-01 08:13:00,395.5,27,89,6.9,30.82,213.68,solar_data_mon_6th.csv,8.216666666666667,212.65800000000002,1.0219999999999914
1900-01-01 09:08:00,522.3,28,87,6.93,31.74,221.03,solar_data_mon_6th.csv,9.133333333333333,219.95819999999998,1.0718000000000245
1900-01-01 10:16:00,579.8,29,84,7.96,33.01,263.79,solar_data_mon_6th.csv,10.266666666666667,262.7596,1.0304000000000428
1900-01-01 11:20:00,689.2,31,70,8.03,33.15,267.23,solar_data_mon_6th.csv,11.333333333333334,266.19449999999995,1.03550000000007
1900-01-01 12:33:00,949.4,33,59,8.08,34.43,279.25,solar_data_mon_6th.csv,12.55,278.1944,1.0556000000000267
1900-01-01 13:23:00,1009.62,33,58,7.98,35.58,284.96,solar_data_mon_6th.csv,13.383333333333333,283.9284,1.031599999999969
1900-01-01 14:05:00,1023.59,34,56,8.13,35.62,291.05,solar_data_mon_6th.csv,14.083333333333334,289.5906,1.4594000000000165
1900-01-01 15:26:00,1004.07,33,52,8.02,35.02,281.32,solar_data_mon_6th.csv,15.433333333333334,280.8604,0.45959999999996626
1900-01-01 16:09:00,951.43,32,63,7.66,34.09,261.16,solar_data_mon_6th.csv,16.15,261.12940000000003,0.030599999999992633
1900-01-01 08:15:00,291.23,25,94,7.8,30.12,233.52,solar_data_thu_16th.csv,8.25,234.936,-1.4159999999999968
1900-01-01 09:08:00,351.03,27,84,7.68,31.44,240.31,solar_data_thu_16th.csv,9.133333333333333,241.4592,-1.1492000000000075
1900-01-01 10:24:00,585.45,29,70,7.92,32.64,257.31,solar_data_thu_16th.csv,10.4,258.5088,-1.1988000000000056
1900-01-01 11:25:00,766.34,31,55,7.75,33.94,261.81,solar_data_thu_16th.csv,11.416666666666666,263.03499999999997,-1.224999999999966
1900-01-01 12:04:00,992.27,32,46,8.14,34.98,283.89,solar_data_thu_16th.csv,12.066666666666666,284.7372,-0.8471999999999866
1900-01-01 13:36:00,1081.02,33,38,8.26,35.25,289.46,solar_data_thu_16th.csv,13.6,291.165,-1.705000000000041
1900-01-01 14:14:00,976.54,34,36,8.38,35.54,296.53,solar_data_thu_16th.csv,14.233333333333333,297.8252,-1.2952000000000226
1900-01-01 15:12:00,909.86,32,34,8.23,35.57,293.58,solar_data_thu_16th.csv,15.2,292.7411,0.8388999999999669
1900-01-01 16:04:00,883.65,31,28,7.12,34.49,246.04,solar_data_thu_16th.csv,16.066666666666666,245.5688,0.47119999999998186
1900-01-01 08:10:00,295.48,26,94,6.32,30.19,189.28,solar_data_thu_23rd.csv,8.166666666666666,190.8008,-1.5208000000000084
1900-01-01 09:13:00,401.43,28,84,6.57,30.93,202.24,solar_data_thu_23rd.csv,9.216666666666667,203.2101,-0.9701000000000022
1900-01-01 10:22:00,568.72,30,70,7.15,33.41,237.42,solar_data_thu_23rd.csv,10.366666666666667,238.8815,-1.461500000000001
1900-01-01 11:25:00,767.58,31,66,7.78,34.39,266.1,solar_data_thu_23rd.csv,11.416666666666666,267.55420000000004,-1.4542000000000144
1900-01-01 12:06:00,910.36,32,63,8.06,36.14,288.97,solar_data_thu_23rd.csv,12.1,291.2884,-2.318399999999997
1900-01-01 13:13:00,1045.32,33,59,8.12,36.96,297.74,solar_data_thu_23rd.csv,13.216666666666667,300.11519999999996,-2.37519999999995
1900-01-01 14:09:00,1074.85,34,59,7.97,36.18,288.21,solar_data_thu_23rd.csv,14.15,288.3546,-0.14460000000002537
1900-01-01 15:13:00,982.24,33,67,7.87,35.05,277.65,solar_data_thu_23rd.csv,15.216666666666667,275.8435,1.8064999999999714
1900-01-01 16:09:00,884.58,33,63,7.68,35.02,271.11,solar_data_thu_23rd.csv,16.15,268.9536,2.156400000000019
1900-01-01 08:16:00,302.36,27,89,7.63,30.05,228.76,solar_data_thu_30th.csv,8.266666666666667,229.2815,-0.5215000000000032
1900-01-01 09:12:00,428.65,28,75,7.66,31.32,238.82,solar_data_thu_30th.csv,9.2,239.9112,-1.0912000000000148
1900-01-01 10:18:00,575.63,29,67,7.74,32.21,248.15,solar_data_thu_30th.csv,10.3,249.30540000000002,-1.1554000000000144
1900-01-01 11:14:00,760.72,31,67,7.78,33.72,261.72,solar_data_thu_30th.csv,11.233333333333333,262.34159999999997,-0.621599999999944
1900-01-01 12:13:00,986.21,33,64,8.09,34.03,274.45,solar_data_thu_30th.csv,12.216666666666667,275.3027,-0.8527000000000271
1900-01-01 13:04:00,1006.32,33,63,8.18,34.23,279.57,solar_data_thu_30th.csv,13.066666666666666,280.0014,-0.43139999999999645
1900-01-01 14:21:00,1008.12,34,62,8.26,34.15,281.72,solar_data_thu_30th.csv,14.35,282.079,-0.35899999999998045
1900-01-01 15:09:00,993.21,34,62,8.13,33.81,273.83,solar_data_thu_30th.csv,15.15,274.87530000000004,-1.0453000000000543
1900-01-01 16:06:00,960.12,33,63,7.81,33.24,258.93,solar_data_thu_30th.csv,16.1,259.6044,-0.6743999999999915
1900-01-01 08:15:00,297.82,27,89,6.3,30.17,189.01,solar_data_thu_9th.csv,8.25,190.071,-1.061000000000007
1900-01-01 09:05:00,383.02,29,87,6.56,30.91,202.22,solar_data_thu_9th.csv,9.083333333333334,202.7696,-0.5495999999999981
1900-01-01 10:26:00,563.33,29,74,7.15,33.39,237.4,solar_data_thu_9th.csv,10.433333333333334,238.73850000000002,-1.3385000000000105
1900-01-01 11:13:00,729.64,31,68,7.76,34.37,266.08,solar_data_thu_9th.csv,11.216666666666667,266.71119999999996,-0.6311999999999784
1900-01-01 12:09:00,906.82,33,59,8.03,36.12,288.95,solar_data_thu_9th.csv,12.15,290.04359999999997,-1.0935999999999808
1900-01-01 13:08:00,1052.23,33,53,8.09,36.93,297.72,solar_data_thu_9th.csv,13.133333333333333,298.7637,-1.0436999999999443
1900-01-01 14:21:00,1088.76,35,53,7.95,36.15,288.18,solar_data_thu_9th.csv,14.35,287.3925,0.7875000000000227
1900-01-01 15:03:00,976.67,33,52,7.89,35.07,277.69,solar_data_thu_9th.csv,15.05,276.7023,0.987700000000018
1900-01-01 16:07:00,887.65,32,59,7.7,35.04,271.14,solar_data_thu_9th.csv,16.116666666666667,269.808,1.3319999999999936
1900-01-01 08:13:00,254.76,26,94,7.7,30.1,230.96,solar_data_tue_14th.csv,8.216666666666667,231.77,-0.8100000000000023
1900-01-01 09:07:00,351.25,28,89,7.78,31.21,241.98,solar_data_tue_14th.csv,9.116666666666667,242.81380000000001,-0.833800000000025
1900-01-01 10:11:00,528.73,29,84,7.91,32.27,254.39,solar_data_tue_14th.csv,10.183333333333334,255.25570000000002,-0.8657000000000323
1900-01-01 11:19:00,853.64,32,63,7.96,33.78,267.99,solar_data_tue_14th.csv,11.316666666666666,268.8888,-0.8987999999999943
1900-01-01 12:16:00,974.22,34,53,8.18,34.92,284.72,solar_data_tue_14th.csv,12.266666666666667,285.6456,-0.9255999999999744
1900-01-01 13:04:00,1092.16,34,53,8.29,35.41,292.61,solar_data_tue_14th.csv,13.066666666666666,293.54889999999995,-0.9388999999999328
1900-01-01 14:16:00,993.24,35,47,8.39,34.72,290.38,solar_data_tue_14th.csv,14.266666666666667,291.30080000000004,-0.9208000000000425
1900-01-01 15:29:00,945.89,35,44,8.25,34.56,286.38,solar_data_tue_14th.csv,15.483333333333333,285.12,1.259999999999991
1900-01-01 16:10:00,910.85,35,50,7.13,34.09,244.19,solar_data_tue_14th.csv,16.166666666666668,243.06170000000003,1.1282999999999674
1900-01-01 08:18:00,347.21,27,91,6.47,30.71,196.87,solar_data_tue_21st.csv,8.3,198.6937,-1.8237000000000023
1900-01-01 09:09:00,402.76,28,89,6.91,31.04,212.89,solar_data_tue_21st.csv,9.15,214.4864,-1.596400000000017
1900-01-01 10:12:00,496.87,31,70,7.24,32.71,234.55,solar_data_tue_21st.csv,10.2,236.8204,-2.270399999999995
1900-01-01 11:26:00,723.34,32,63,7.92,34.18,268.33,solar_data_tue_21st.csv,11.433333333333334,270.7056,-2.37560000000002
1900-01-01 12:17:00,801.23,33,59,8.01,35.48,282.41,solar_data_tue_21st.csv,12.283333333333333,284.1948,-1.7847999999999615
1900-01-01 13:06:00,911.62,33,67,8.07,36.05,288.15,solar_data_tue_21st.csv,13.1,290.9235,-2.7735000000000127
1900-01-01 14:29:00,1002.43,33,63,7.98,36.83,291.26,solar_data_tue_21st.csv,14.483333333333333,293.9034,-2.6433999999999855
1900-01-01 15:08:00,1024.81,33,59,8.2,35.42,288.36,solar_data_tue_21st.csv,15.133333333333333,290.444,-2.084000000000003
1900-01-01 16:05:00,974.53,32,68,7.81,34.92,269.96,solar_data_tue_21st.csv,16.083333333333332,272.7252,-2.765199999999993
1900-01-01 08:18:00,347.21,27,91,6.47,30.71,196.87,solar_data_tue_28st.csv,8.3,198.6937,-1.8237000000000023
1900-01-01 09:09:00,402.76,28,89,6.91,31.04,212.89,solar_data_tue_28st.csv,9.15,214.4864,-1.596400000000017
1900-01-01 10:12:00,496.87,31,70,7.24,32.71,234.55,solar_data_tue_28st.csv,10.2,236.8204,-2.270399999999995
1900-01-01 11:26:00,723.34,32,63,7.92,34.18,268.33,solar_data_tue_28st.csv,11.433333333333334,270.7056,-2.37560000000002
1900-01-01 12:17:00,801.23,33,59,8.01,35.48,282.41,solar_data_tue_28st.csv,12.283333333333333,284.1948,-1.7847999999999615
1900-01-01 13:06:00,911.62,33,67,8.07,36.05,288.15,solar_data_tue_28st.csv,13.1,290.9235,-2.7735000000000127
1900-01-01 14:29:00,1002.43,33,63,7.98,36.83,291.26,solar_data_tue_28st.csv,14.483333333333333,293.9034,-2.6433999999999855
1900-01-01 15:08:00,1024.81,33,59,8.2,35.42,288.36,solar_data_tue_28st.csv,15.133333333333333,290.444,-2.084000000000003
1900-01-01 16:05:00,974.53,32,68,7.81,34.92,269.96,solar_data_tue_28st.csv,16.083333333333332,272.7252,-2.765199999999993
1900-01-01 08:21:00,257.32,27,89,7.26,30.26,218.79,solar_data_tue_28th.csv,8.35,219.6876,-0.8976000000000113
1900-01-01 09:08:00,412.36,28,84,7.35,30.59,223.86,solar_data_tue_28th.csv,9.133333333333333,224.8365,-0.9764999999999873
1900-01-01 10:11:00,621.39,30,75,7.47,32.26,239.58,solar_data_tue_28th.csv,10.183333333333334,240.98219999999998,-1.402199999999965
1900-01-01 11:28:00,892.43,32,67,7.52,33.73,252.78,solar_data_tue_28th.csv,11.466666666666667,253.64959999999996,-0.8695999999999628
1900-01-01 12:10:00,984.23,33,63,7.74,35.03,270.53,solar_data_tue_28th.csv,12.166666666666666,271.1322,-0.6022000000000389
1900-01-01 13:22:00,1003.37,33,63,7.85,35.6,278.81,solar_data_tue_28th.csv,13.366666666666667,279.46,-0.6499999999999773
1900-01-01 14:09:00,1008.21,34,56,7.95,36.38,287.93,solar_data_tue_28th.csv,14.15,289.221,-1.2909999999999968
1900-01-01 15:14:00,960.65,33,53,7.86,34.97,273.94,solar_data_tue_28th.csv,15.233333333333333,274.8642,-0.9241999999999848
1900-01-01 16:10:00,912.37,32,59,6.74,34.47,231.92,solar_data_tue_28th.csv,16.166666666666668,232.3278,-0.4078000000000088
1900-01-01 08:07:00,343.62,25,83,6.44,30.68,196.84,solar_data_tue_7th.csv,8.116666666666667,197.57920000000001,-0.739200000000011
1900-01-01 09:13:00,397.78,27,74,6.88,31.01,212.86,solar_data_tue_7th.csv,9.216666666666667,213.3488,-0.4887999999999977
1900-01-01 10:24:00,483.36,29,70,7.21,32.68,234.52,solar_data_tue_7th.csv,10.4,235.62279999999998,-1.1027999999999736
1900-01-01 11:09:00,698.53,31,66,7.89,34.15,268.3,solar_data_tue_7th.csv,11.15,269.4435,-1.1434999999999604
1900-01-01 12:02:00,771.6,32,63,7.98,35.45,282.41,solar_data_tue_7th.csv,12.033333333333333,282.891,-0.48099999999999454
1900-01-01 13:12:00,901.22,33,56,8.04,36.02,288.15,solar_data_tue_7th.csv,13.2,289.6008,-1.4508000000000152
1900-01-01 14:26:00,994.56,34,53,7.95,36.8,291.26,solar_data_tue_7th.csv,14.433333333333334,292.56,-1.3000000000000114
1900-01-01 15:25:00,1032.8,34,53,8.17,35.39,288.33,solar_data_tue_7th.csv,15.416666666666666,289.1363,-0.8063000000000216
1900-01-01 16:03:00,976.76,34,56,7.78,34.89,269.96,solar_data_tue_7th.csv,16.05,271.4442,-1.484200000000044
1900-01-01 08:20:00,366.72,26,94,7.91,31.46,247.69,solar_data_wed_15th.csv,8.333333333333334,248.8486,-1.158600000000007
1900-01-01 09:05:00,574.89,27,89,7.93,32.25,255.36,solar_data_wed_15th.csv,9.083333333333334,255.74249999999998,-0.38249999999996476
1900-01-01 10:21:00,701.32,30,75,8.02,32.48,258.9,solar_data_wed_15th.csv,10.35,260.48959999999994,-1.5895999999999617
1900-01-01 11:08:00,903.35,31,75,8.17,33.9,276.14,solar_data_wed_15th.csv,11.133333333333333,276.96299999999997,-0.8229999999999791
1900-01-01 12:17:00,1098.87,32,63,8.32,35.65,295.31,solar_data_wed_15th.csv,12.283333333333333,296.608,-1.2980000000000018
1900-01-01 13:22:00,1086.75,34,47,8.07,35.52,285.37,solar_data_wed_15th.csv,13.366666666666667,286.6464,-1.2764000000000237
1900-01-01 14:19:00,996.89,35,41,8.01,34.69,276.27,solar_data_wed_15th.csv,14.316666666666666,277.8669,-1.596900000000005
1900-01-01 15:04:00,896.66,35,41,7.92,33.82,267.45,solar_data_wed_15th.csv,15.066666666666666,267.8544,-0.40440000000000964
1900-01-01 16:03:00,796.23,36,37,7.74,33.39,258.04,solar_data_wed_15th.csv,16.05,258.4386,-0.39859999999998763
1900-01-01 08:19:00,332.65,25,90,6.37,30.47,193.15,solar_data_wed_22nd.csv,8.316666666666666,194.0939,-0.9438999999999851
1900-01-01 09:15:00,397.43,25,89,6.57,30.88,201.93,solar_data_wed_22nd.csv,9.25,202.8816,-0.9515999999999849
1900-01-01 10:22:00,534.87,26,89,7.29,32.62,236.78,solar_data_wed_22nd.csv,10.366666666666667,237.79979999999998,-1.0197999999999752
1900-01-01 11:07:00,630.44,29,74,7.48,34.09,253.94,solar_data_wed_22nd.csv,11.116666666666667,254.99320000000003,-1.0532000000000323
1900-01-01 12:16:00,841.25,31,66,7.97,35.77,283.96,solar_data_wed_22nd.csv,12.266666666666667,285.0869,-1.1269000000000347
1900-01-01 13:18:00,1017.54,31,66,8.21,35.9,293.97,solar_data_wed_22nd.csv,13.3,294.73900000000003,-0.7690000000000055
1900-01-01 14:09:00,1110.25,31,62,8.31,36.24,300.38,solar_data_wed_22nd.csv,14.15,301.1544,-0.7744000000000142
1900-01-01 15:20:00,983.49,31,66,7.99,36.67,292.01,solar_data_wed_22nd.csv,15.333333333333334,292.99330000000003,-0.9833000000000425
1900-01-01 16:04:00,957.22,32,63,7.78,34.87,270.34,solar_data_wed_22nd.csv,16.066666666666666,271.2886,-0.948599999999999
1900-01-01 08:05:00,381.72,28,90,7.69,30.48,233.73,solar_data_wed_29th.csv,8.083333333333334,234.39120000000003,-0.6612000000000364
1900-01-01 09:12:00,592.33,30,89,7.73,31.04,238.84,solar_data_wed_29th.csv,9.2,239.9392,-1.0991999999999962
1900-01-01 10:15:00,709.76,31,75,7.79,31.45,244.39,solar_data_wed_29th.csv,10.25,244.9955,-0.6055000000000064
1900-01-01 11:09:00,912.33,33,70,8.16,32.33,262.63,solar_data_wed_29th.csv,11.15,263.8128,-1.182799999999986
1900-01-01 12:21:00,1004.32,33,63,8.26,33.32,274.84,solar_data_wed_29th.csv,12.35,275.2232,-0.38320000000004484
1900-01-01 13:17:00,1013.11,33,63,8.33,33.64,278.76,solar_data_wed_29th.csv,13.283333333333333,280.2212,-1.4612000000000194
1900-01-01 14:23:00,1006.71,33,62,8.21,33.28,271.85,solar_data_wed_29th.csv,14.383333333333333,273.22880000000004,-1.3788000000000125
1900-01-01 15:14:00,963.21,33,60,8.04,32.79,263.52,solar_data_wed_29th.csv,15.233333333333333,263.6316,-0.11160000000000991
1900-01-01 16:08:00,881.25,32,63,7.93,32.51,256.6,solar_data_wed_29th.csv,16.133333333333333,257.80429999999996,-1.2042999999999324
1900-01-01 08:10:00,332.14,25,90,6.36,30.48,193.15,solar_data_wed_8th.csv,8.166666666666666,193.8528,-0.7027999999999963
1900-01-01 09:17:00,390.12,28,84,6.57,30.9,201.93,solar_data_wed_8th.csv,9.283333333333333,203.013,-1.0829999999999984
1900-01-01 10:12:00,501.09,29,79,7.28,32.63,236.78,solar_data_wed_8th.csv,10.2,237.54640000000003,-0.7664000000000328
1900-01-01 11:23:00,623.65,30,75,7.48,34.11,253.94,solar_data_wed_8th.csv,11.383333333333333,255.14280000000002,-1.2028000000000247
1900-01-01 12:05:00,833.02,32,67,7.96,35.78,283.96,solar_data_wed_8th.csv,12.083333333333334,284.8088,-0.8488000000000397
1900-01-01 13:14:00,1019.86,33,64,8.21,35.91,293.97,solar_data_wed_8th.csv,13.233333333333333,294.8211,-0.851099999999974
1900-01-01 14:03:00,1117.75,34,59,8.24,36.2,296.38,solar_data_wed_8th.csv,14.05,298.288,-1.9080000000000155
1900-01-01 15:35:00,990.24,35,56,7.91,36.64,292.01,solar_data_wed_8th.csv,15.583333333333334,289.8224,2.187599999999975
1900-01-01 16:20:00,959.63,35,67,7.69,34.83,270.34,solar_data_wed_8th.csv,16.333333333333332,267.8427,2.4972999999999956
