day_id,hour,measured,predicted
solar_data_fri_10th.csv,8.183333333333334,250.48,221.85127969932967
solar_data_fri_10th.csv,9.333333333333334,272.8,237.29845154656996
solar_data_fri_10th.csv,10.1,286.86,261.53966550954937
solar_data_fri_10th.csv,11.2,294.66,274.04107365298455
solar_data_fri_10th.csv,12.466666666666669,296.45,282.55382634172275
solar_data_fri_10th.csv,13.316666666666666,293.65,294.43607025279664
solar_data_fri_10th.csv,14.4,291.5,282.51469837901175
solar_data_fri_10th.csv,15.45,272.91,267.96941790647213
solar_data_fri_10th.csv,16.166666666666668,236.14,254.10268368530302
solar_data_fri_17th.csv,8.1,250.44,220.1676729014757
solar_data_fri_17th.csv,9.216666666666669,272.75,225.45429985152197
solar_data_fri_17th.csv,10.333333333333334,286.82,251.42976821251978
solar_data_fri_17th.csv,11.083333333333334,294.63,289.0330334159223
solar_data_fri_17th.csv,12.25,296.01,309.9924376634735
solar_data_fri_17th.csv,13.066666666666666,293.62,301.95754311477316
solar_data_fri_17th.csv,14.45,291.37,285.87038576256555
solar_data_fri_17th.csv,15.116666666666667,272.88,279.67077029005804
solar_data_fri_17th.csv,16.233333333333334,236.11,268.44930650512504
solar_data_fri_24th.csv,8.266666666666667,251.5,227.94312886225265
solar_data_fri_24th.csv,9.05,273.8,241.3031496844893
solar_data_fri_24th.csv,10.083333333333334,287.86,265.093595460826
solar_data_fri_24th.csv,11.3,295.66,276.3277185787456
solar_data_fri_24th.csv,12.4,297.01,285.2928878130932
solar_data_fri_24th.csv,13.15,294.65,295.060076374489
solar_data_fri_24th.csv,14.066666666666666,292.5,286.44517465398087
solar_data_fri_24th.csv,15.366666666666667,273.91,272.31801536770604
solar_data_fri_24th.csv,16.3,237.14,256.60663686214826
solar_data_fri_31st.csv,8.133333333333333,220.76,218.16368130696318
solar_data_fri_31st.csv,9.233333333333333,231.59,225.31014117608734
solar_data_fri_31st.csv,10.216666666666669,244.87,245.18759198248264
solar_data_fri_31st.csv,11.166666666666666,251.73,270.07033753469204
solar_data_fri_31st.csv,12.4,268.67,284.4152504209795
solar_data_fri_31st.csv,13.266666666666667,272.94,288.3115662604548
solar_data_fri_31st.csv,14.333333333333334,267.82,284.400299418622
solar_data_fri_31st.csv,15.35,257.85,271.1031558008451
solar_data_fri_31st.csv,16.066666666666666,255.83,265.9374926614181
solar_data_mon_13th.csv,8.2,213.69,227.22799678608072
solar_data_mon_13th.csv,9.066666666666666,221.04,241.4901867968881
solar_data_mon_13th.csv,10.35,263.8,266.3982542629008
solar_data_mon_13th.csv,11.25,267.24,277.7735176955028
solar_data_mon_13th.csv,12.5,279.26,285.18555778699636
solar_data_mon_13th.csv,13.083333333333334,284.97,296.57054158368976
solar_data_mon_13th.csv,14.383333333333333,291.06,286.5670486184312
solar_data_mon_13th.csv,15.15,281.33,273.1107309573842
solar_data_mon_13th.csv,16.033333333333335,261.17,255.68889399126073
solar_data_mon_20th.csv,8.15,212.72,230.2239531972694
solar_data_mon_20th.csv,9.2,219.63,242.36368467534592
solar_data_mon_20th.csv,10.366666666666667,262.63,247.25094103997006
solar_data_mon_20th.csv,11.266666666666667,265.65,258.4492382632693
solar_data_mon_20th.csv,12.216666666666669,277.78,293.77010228810354
solar_data_mon_20th.csv,13.116666666666667,282.98,290.38233408906956
solar_data_mon_20th.csv,14.166666666666666,288.83,283.52480742905595
solar_data_mon_20th.csv,15.4,280.01,277.031940896885
solar_data_mon_20th.csv,16.233333333333334,262.9,266.86866345016017
solar_data_mon_27th.csv,8.116666666666667,246.02,229.89024247597578
solar_data_mon_27th.csv,9.2,252.85,245.96043188958794
solar_data_mon_27th.csv,10.216666666666669,270.98,262.35096935837566
solar_data_mon_27th.csv,11.333333333333334,278.05,284.48665408725225
solar_data_mon_27th.csv,12.15,281.79,288.09561703631107
solar_data_mon_27th.csv,13.15,282.32,284.41336556498675
solar_data_mon_27th.csv,14.266666666666667,277.64,280.39802305335525
solar_data_mon_27th.csv,15.133333333333333,268.12,274.073409221871
solar_data_mon_27th.csv,16.016666666666666,249.02,266.29890699802144
solar_data_mon_6th.csv,8.216666666666667,213.68,229.15020812474646
solar_data_mon_6th.csv,9.133333333333333,221.03,239.90070048203398
solar_data_mon_6th.csv,10.266666666666667,263.79,242.05701790250316
solar_data_mon_6th.csv,11.333333333333334,267.23,253.25560768514828
solar_data_mon_6th.csv,12.55,279.25,280.4448897742804
solar_data_mon_6th.csv,13.383333333333333,284.96,284.61777496832104
solar_data_mon_6th.csv,14.083333333333334,291.05,283.00133892156725
solar_data_mon_6th.csv,15.433333333333334,281.32,278.16571508202753
solar_data_mon_6th.csv,16.15,261.16,266.51206268332675
solar_data_thu_16th.csv,8.25,233.52,213.34529038800994
solar_data_thu_16th.csv,9.133333333333333,240.31,219.12864525902134
solar_data_thu_16th.csv,10.4,257.31,245.9022456772604
solar_data_thu_16th.csv,11.416666666666666,261.81,267.40537195829353
solar_data_thu_16th.csv,12.066666666666666,283.89,294.7158702642306
solar_data_thu_16th.csv,13.6,289.46,300.8517476659715
solar_data_thu_16th.csv,14.233333333333333,296.53,285.4571938200445
solar_data_thu_16th.csv,15.2,293.58,273.75017830030566
solar_data_thu_16th.csv,16.066666666666666,246.04,268.38237050914574
solar_data_thu_23rd.csv,8.166666666666666,189.28,218.69713997488648
solar_data_thu_23rd.csv,9.216666666666669,202.24,228.2104987769829
solar_data_thu_23rd.csv,10.366666666666667,237.42,245.54112275217247
solar_data_thu_23rd.csv,11.416666666666666,266.1,264.12828731949594
solar_data_thu_23rd.csv,12.1,288.97,277.5817609488919
solar_data_thu_23rd.csv,13.216666666666669,297.74,288.77499553685595
solar_data_thu_23rd.csv,14.15,288.21,287.566115048169
solar_data_thu_23rd.csv,15.216666666666669,277.65,270.99656592295753
solar_data_thu_23rd.csv,16.15,271.11,257.7484858980428
solar_data_thu_30th.csv,8.266666666666667,228.76,217.00769290378196
solar_data_thu_30th.csv,9.2,238.82,232.4600358964815
solar_data_thu_30th.csv,10.3,248.15,247.7505841920057
solar_data_thu_30th.csv,11.233333333333333,261.72,264.9038986838132
solar_data_thu_30th.csv,12.216666666666669,274.45,287.94499953302693
solar_data_thu_30th.csv,13.066666666666666,279.57,286.9866606568492
solar_data_thu_30th.csv,14.35,281.72,280.7557420933284
solar_data_thu_30th.csv,15.15,273.83,275.2632811368178
solar_data_thu_30th.csv,16.1,258.93,267.4661060006746
solar_data_thu_9th.csv,8.25,189.01,221.6125507537107
solar_data_thu_9th.csv,9.083333333333334,202.22,226.74320495504955
solar_data_thu_9th.csv,10.433333333333334,237.4,245.3892461035735
solar_data_thu_9th.csv,11.216666666666669,266.08,261.42847978971
solar_data_thu_9th.csv,12.15,288.95,278.9386155920922
solar_data_thu_9th.csv,13.133333333333333,297.72,293.1173163913893
solar_data_thu_9th.csv,14.35,288.18,290.16831051986435
solar_data_thu_9th.csv,15.05,277.69,275.62251592626
solar_data_thu_9th.csv,16.116666666666667,271.14,258.8830957224978
solar_data_tue_14th.csv,8.216666666666667,230.96,211.2083559365711
solar_data_tue_14th.csv,9.116666666666667,241.98,218.92892987517098
solar_data_tue_14th.csv,10.183333333333334,254.39,237.12950182108807
solar_data_tue_14th.csv,11.316666666666666,267.99,276.8101415328005
solar_data_tue_14th.csv,12.266666666666667,284.72,288.85279847265593
solar_data_tue_14th.csv,13.066666666666666,292.61,300.131086183133
solar_data_tue_14th.csv,14.266666666666667,290.38,282.5848131751203
solar_data_tue_14th.csv,15.483333333333333,286.38,271.5825886304614
solar_data_tue_14th.csv,16.166666666666668,244.19,262.05326807416174
solar_data_tue_21st.csv,8.3,196.87,224.3094777740647
solar_data_tue_21st.csv,9.15,212.89,226.70595764111476
solar_data_tue_21st.csv,10.2,234.55,236.2066103371854
solar_data_tue_21st.csv,11.433333333333334,268.33,258.9809114724562
solar_data_tue_21st.csv,12.283333333333331,282.41,264.7225006764446
solar_data_tue_21st.csv,13.1,288.15,271.5538170948764
solar_data_tue_21st.csv,14.483333333333333,291.26,277.8151077241454
solar_data_tue_21st.csv,15.133333333333333,288.36,279.0871343838554
solar_data_tue_21st.csv,16.083333333333332,269.96,267.2047015142823
solar_data_tue_28st.csv,8.3,196.87,222.45331329698348
solar_data_tue_28st.csv,9.15,212.89,225.1218301551083
solar_data_tue_28st.csv,10.2,234.55,235.14251063971273
solar_data_tue_28st.csv,11.433333333333334,268.33,258.1312013928845
solar_data_tue_28st.csv,12.283333333333331,282.41,264.1350745357955
solar_data_tue_28st.csv,13.1,288.15,271.00538036810997
solar_data_tue_28st.csv,14.483333333333333,291.26,277.70314023944184
solar_data_tue_28st.csv,15.133333333333333,288.36,279.23853832459
solar_data_tue_28st.csv,16.083333333333332,269.96,267.6749503717566
solar_data_tue_28th.csv,8.35,218.79,209.67930930369198
solar_data_tue_28th.csv,9.133333333333333,223.86,226.57310585773644
solar_data_tue_28th.csv,10.183333333333334,239.58,249.85981663001556
solar_data_tue_28th.csv,11.466666666666669,252.78,279.54203256916225
solar_data_tue_28th.csv,12.166666666666666,270.53,288.704960045892
solar_data_tue_28th.csv,13.366666666666667,278.81,285.7681189672849
solar_data_tue_28th.csv,14.15,287.93,284.56043644795005
solar_data_tue_28th.csv,15.233333333333333,273.94,274.80837469448574
solar_data_tue_28th.csv,16.166666666666668,231.92,263.29450173301706
solar_data_tue_7th.csv,8.116666666666667,196.84,228.82047408655313
solar_data_tue_7th.csv,9.216666666666669,212.86,232.0135453782761
solar_data_tue_7th.csv,10.4,234.52,236.6595762182072
solar_data_tue_7th.csv,11.15,268.3,257.4920060193413
solar_data_tue_7th.csv,12.033333333333331,282.41,262.37065730201607
solar_data_tue_7th.csv,13.2,288.15,273.79964065038155
solar_data_tue_7th.csv,14.433333333333334,291.26,279.5405488010909
solar_data_tue_7th.csv,15.416666666666666,288.33,279.8762416984763
solar_data_tue_7th.csv,16.05,269.96,270.0632846917068
solar_data_wed_15th.csv,8.333333333333334,247.69,224.15429178642208
solar_data_wed_15th.csv,9.083333333333334,255.36,247.7401967556305
solar_data_wed_15th.csv,10.35,258.9,259.69605959279664
solar_data_wed_15th.csv,11.133333333333333,276.14,280.6705713797786
solar_data_wed_15th.csv,12.283333333333331,295.31,303.2140066376536
solar_data_wed_15th.csv,13.366666666666667,285.37,300.1792101968684
solar_data_wed_15th.csv,14.316666666666666,276.27,285.56230499949595
solar_data_wed_15th.csv,15.066666666666666,267.45,269.52056400303235
solar_data_wed_15th.csv,16.05,258.04,252.74416463902534
solar_data_wed_22nd.csv,8.316666666666666,193.15,226.58070507184314
solar_data_wed_22nd.csv,9.25,201.93,230.07368366751462
solar_data_wed_22nd.csv,10.366666666666667,236.78,240.13085504317235
solar_data_wed_22nd.csv,11.116666666666667,253.94,250.02348441744826
solar_data_wed_22nd.csv,12.266666666666667,283.96,270.14339116676814
solar_data_wed_22nd.csv,13.3,293.97,285.8839779935559
solar_data_wed_22nd.csv,14.15,300.38,293.9320781875233
solar_data_wed_22nd.csv,15.333333333333334,292.01,272.3871302837118
solar_data_wed_22nd.csv,16.066666666666666,270.34,266.0327758133485
solar_data_wed_29th.csv,8.083333333333334,233.73,227.4819052081524
solar_data_wed_29th.csv,9.2,238.84,247.60257207976227
solar_data_wed_29th.csv,10.25,244.39,260.8473957003199
solar_data_wed_29th.csv,11.15,262.63,282.1556853414463
solar_data_wed_29th.csv,12.35,274.84,290.2617465831894
solar_data_wed_29th.csv,13.283333333333331,278.76,286.9209897938971
solar_data_wed_29th.csv,14.383333333333333,271.85,281.13207725463207
solar_data_wed_29th.csv,15.233333333333333,263.52,272.082617352673
solar_data_wed_29th.csv,16.133333333333333,256.6,257.2955216122192
solar_data_wed_8th.csv,8.166666666666666,193.15,225.96245779422264
solar_data_wed_8th.csv,9.283333333333331,201.93,226.37524310492824
solar_data_wed_8th.csv,10.2,236.78,236.10409225623812
solar_data_wed_8th.csv,11.383333333333333,253.94,245.7227458248999
solar_data_wed_8th.csv,12.083333333333334,283.96,267.8289894118337
solar_data_wed_8th.csv,13.233333333333333,293.97,284.86762472418104
solar_data_wed_8th.csv,14.05,296.38,293.4714335474622
solar_data_wed_8th.csv,15.583333333333334,292.01,271.5846925448433
solar_data_wed_8th.csv,16.333333333333332,270.34,260.931617168347
